{"FM RMSE": 2.365973490409994, "FM Loss": 58.80063247680664, "_timestamp": 1667181106.8456109, "_runtime": 47.03355288505554, "_step": 9, "_wandb": {"runtime": 46}}