{"FFM RMSE": 2.4096599837160806, "FFM Loss": 26.120129704475403, "_timestamp": 1667181252.142387, "_runtime": 92.2233829498291, "_step": 9, "_wandb": {"runtime": 91}}