{"FFM RMSE": 2.260794578073576, "FFM Loss": 6.536307081580162, "_timestamp": 1667183497.1768913, "_runtime": 1326.6009192466736, "_step": 99, "_wandb": {"runtime": 1326}}